sessao	canal	hz	escala_cabecalho	fator	offset	r	resid_max	n
P.Piquet000000	Speed	50	10.0	0.1	-1.327e-07	1.00000	1.25e-05	32050
P.Piquet000000	RPM	50	1.0	1	-8.456e-13	1.00000	3.64e-12	32050
P.Piquet000000	Throttle Position	25	0.0	0.1	-2.1951e-09	1.00000	3.06e-06	16025
P.Piquet000000	QmDistance	50	0.0	0.01	-6.8488e-06	1.00000	0.000951	31792
P.Piquet000000	Acc Long	50	0.0	-0.0258478	12.955	-0.99998	0.0165	32050
P.Piquet000000	Acc Lat	50	0.0	-0.0262118	12.454	-0.99999	0.0357	32050
P.Piquet000000	Brake Press F	50	0.0	0.199645	-41.327	1.00000	3.73e-06	32050
P.Piquet000000	Brake Press R	50	0.0	0.199645	-41.127	1.00000	0.2	32050
P.Piquet000000	Steering	100	0.09775171065493646	0.0977517	-40.469	1.00000	1.96e-06	63459
P.Piquet000000	Damper FL	100	-0.04887585532746823	-0.0488759	5.132	-1.00000	4.74e-07	63459
P.Piquet000000	Damper FR	100	-0.04887585532746823	-0.0488759	3.9101	-1.00000	4.76e-07	63459
P.Piquet000000	Damper RL	100	-0.04887585532746823	-0.0488759	9.5308	-1.00000	4.73e-07	63459
P.Piquet000000	Damper RR	100	-0.04887585532746823	-0.0488759	11.095	-1.00000	4.25e-07	63459
P.Piquet000000	Lap Number	1	1.0	1	1.301e-16	1.00000	2.22e-16	641
P.Piquet000000	Running Lap Time	1	0.0	0.001	-2.7663e-07	1.00000	4.06e-06	641
P.Piquet000000	Beacon Code	50	1.0	1	2.9875e-13	1.00000	3.49e-10	32050
P.Piquet000000	Water Temp	10	0.0	0.1	7.9569e-07	1.00000	3.74e-06	6410
P.Piquet000000	Oil Pressure	1	0.0	const				641
P.Piquet000000	Battery Voltage	20	0.1	0.1	0.00018026	1.00000	5.34e-05	12820
P.Piquet000000	Lambda	20	2048.0	2048	1.3078e-09	1.00000	6.52e-09	12820
P.Piquet000000	Fuel Pressure	50	0.0	const				32050
P.Piquet000000	Speed ECU	20	1.0	const				12820
P.Piquet000000	WS_FL	50	10.0	0.1	-1.1927e-07	1.00000	1.25e-05	32050
P.Piquet000000	WS_FR	50	10.0	0.1	-1.0818e-07	1.00000	6.32e-06	32050
P.Piquet000001	Speed	50	10.0	0.1	-3.7789e-08	1.00000	1.24e-05	24350
P.Piquet000001	RPM	50	1.0	1	7.2028e-13	1.00000	4.55e-12	24350
P.Piquet000001	Throttle Position	25	0.0	0.1	3.2413e-09	1.00000	3.06e-06	12175
P.Piquet000001	QmDistance	50	0.0	0.01	-1.3026e-06	1.00000	0.00094	24041
P.Piquet000001	Acc Long	50	0.0	-0.0258572	12.958	-0.99997	0.0166	24350
P.Piquet000001	Acc Lat	50	0.0	-0.0261928	12.446	-0.99998	0.0338	24350
P.Piquet000001	Brake Press F	50	0.0	0.199645	-41.327	1.00000	3.54e-06	24350
P.Piquet000001	Brake Press R	50	0.0	0.199645	-41.127	1.00000	1.99e-06	24350
P.Piquet000001	Steering	100	0.09775171065493646	0.0977517	-40.469	1.00000	1.92e-06	48213
P.Piquet000001	Damper FL	100	-0.04887585532746823	-0.0488759	5.132	-1.00000	4.73e-07	48213
P.Piquet000001	Damper FR	100	-0.04887585532746823	-0.0488759	3.9101	-1.00000	4.8e-07	48213
P.Piquet000001	Damper RL	100	-0.04887585532746823	-0.0488759	9.5308	-1.00000	4.78e-07	48213
P.Piquet000001	Damper RR	100	-0.04887585532746823	-0.0488759	11.095	-1.00000	3.54e-07	48213
P.Piquet000001	Lap Number	1	1.0	1	-6.212e-16	1.00000	8.88e-16	487
P.Piquet000001	Running Lap Time	1	0.0	0.001	-2.7824e-07	1.00000	3e-06	487
P.Piquet000001	Beacon Code	50	1.0	1	3.1221e-12	1.00000	1.09e-10	24350
P.Piquet000001	Water Temp	10	0.0	0.1	1.6548e-06	1.00000	4.19e-06	4870
P.Piquet000001	Oil Pressure	1	0.0	const				487
P.Piquet000001	Battery Voltage	20	0.1	0.1	-0.00013982	1.00000	5.07e-05	9740
P.Piquet000001	Lambda	20	2048.0	2048	-4.0934e-10	1.00000	4.66e-10	9740
P.Piquet000001	Fuel Pressure	50	0.0	const				24350
P.Piquet000001	Speed ECU	20	1.0	const				9740
P.Piquet000001	WS_FL	50	10.0	0.1	-1.0379e-07	1.00000	1.24e-05	24350
P.Piquet000001	WS_FR	50	10.0	0.1	-5.4502e-08	1.00000	1.2e-05	24350
P.Piquet000974	Speed	50	10.0	const				22200
P.Piquet000974	RPM	50	1.0	1	-4.0842e-13	1.00000	1.59e-12	22200
P.Piquet000974	Throttle Position	25	0.0	0.1	-7.9333e-08	1.00000	3.05e-07	11100
P.Piquet000974	QmDistance	50	0.0	const				0
P.Piquet000974	Acc Long	50	0.0	-0.025641	12.846	-1.00000	1.78e-14	22200
P.Piquet000974	Acc Lat	50	0.0	-0.0263158	12.5	-1.00000	3.67e-09	22200
P.Piquet000974	Brake Press F	50	0.0	const				22200
P.Piquet000974	Brake Press R	50	0.0	0.199645	-41.127	1.00000	3.69e-13	22200
P.Piquet000974	Steering	100	0.09775171065493646	0.0977517	-40.469	1.00000	1.58e-07	43956
P.Piquet000974	Damper FL	100	-0.04887585532746823	-0.0488759	5.132	-1.00000	1.95e-07	43956
P.Piquet000974	Damper FR	100	-0.04887585532746823	-0.0488759	3.9101	-1.00000	6.8e-08	43956
P.Piquet000974	Damper RL	100	-0.04887585532746823	-0.0488759	9.5308	-1.00000	6.25e-07	43956
P.Piquet000974	Damper RR	100	-0.04887585532746823	-0.0488759	11.095	-1.00000	4.89e-07	43956
P.Piquet000974	Lap Number	1	1.0	const				444
P.Piquet000974	Running Lap Time	1	0.0	0.001	-4.7457e-06	1.00000	9.38e-06	444
P.Piquet000974	Beacon Code	50	1.0	1	3.2684e-10	1.00000	4.87e-10	22200
P.Piquet000974	Water Temp	10	0.0	0.1	6.9678e-08	1.00000	1.64e-06	4440
P.Piquet000974	Oil Pressure	1	0.0	const				444
P.Piquet000974	Battery Voltage	20	0.1	0.1	-9.8095e-06	1.00000	4.92e-05	8880
P.Piquet000974	Lambda	20	2048.0	2048	-4.6213e-09	1.00000	1.86e-09	8880
P.Piquet000974	Fuel Pressure	50	0.0	const				22200
P.Piquet000974	Speed ECU	20	1.0	const				8880
P.Piquet000974	WS_FL	50	10.0	const				22200
P.Piquet000974	WS_FR	50	10.0	const				22200
P.Piquet000975	Speed	50	10.0	const				7550
P.Piquet000975	RPM	50	1.0	1	1.5384e-13	1.00000	4.55e-12	7550
P.Piquet000975	Throttle Position	25	0.0	0.1	1.0919e-08	1.00000	5.42e-07	3775
P.Piquet000975	QmDistance	50	0.0	const				0
P.Piquet000975	Acc Long	50	0.0	-0.025641	12.846	-1.00000	1.12e-13	7550
P.Piquet000975	Acc Lat	50	0.0	-0.0263158	12.5	-1.00000	1.3e-13	7550
P.Piquet000975	Brake Press F	50	0.0	const				7550
P.Piquet000975	Brake Press R	50	0.0	0.199645	-41.127	1.00000	2.91e-13	7550
P.Piquet000975	Steering	100	0.09775171065493646	0.0977517	-40.469	1.00000	3.55e-14	14949
P.Piquet000975	Damper FL	100	-0.04887585532746823	-0.0488758	5.132	-1.00000	3.55e-15	14949
P.Piquet000975	Damper FR	100	-0.04887585532746823	-0.0488759	3.9101	-1.00000	6.47e-08	14949
P.Piquet000975	Damper RL	100	-0.04887585532746823	-0.0488758	9.5308	-1.00000	1.23e-07	14949
P.Piquet000975	Damper RR	100	-0.04887585532746823	-0.0488759	11.095	-1.00000	2.91e-07	14949
P.Piquet000975	Lap Number	1	1.0	const				151
P.Piquet000975	Running Lap Time	1	0.0	0.001	8.4618e-07	1.00000	4.48e-06	151
P.Piquet000975	Beacon Code	50	1.0	1	5.9098e-11	1.00000	2.04e-10	7550
P.Piquet000975	Water Temp	10	0.0	0.1	-1.8114e-06	1.00000	3.35e-06	1510
P.Piquet000975	Oil Pressure	1	0.0	const				151
P.Piquet000975	Battery Voltage	20	0.1	0.1	-0.0053551	1.00000	6.67e-05	3020
P.Piquet000975	Lambda	20	2048.0	2048	-1.0591e-09	1.00000	9.31e-10	3020
P.Piquet000975	Fuel Pressure	50	0.0	const				7550
P.Piquet000975	Speed ECU	20	1.0	const				3020
P.Piquet000975	WS_FL	50	10.0	const				7550
P.Piquet000975	WS_FR	50	10.0	const				7550
P.Piquet000976	Speed	50	10.0	0.1	-2.2023e-08	1.00000	6.29e-06	7400
P.Piquet000976	RPM	50	1.0	1	-4.889e-13	1.00000	9.09e-13	7400
P.Piquet000976	Throttle Position	25	0.0	0.1	7.0107e-09	1.00000	3.12e-06	3700
P.Piquet000976	QmDistance	50	0.0	0.01	-1.1251e-07	1.00000	0.000118	6921
P.Piquet000976	Acc Long	50	0.0	-0.025992	13.024	-0.99997	0.0125	7400
P.Piquet000976	Acc Lat	50	0.0	-0.0262086	12.45	-0.99999	0.0171	7400
P.Piquet000976	Brake Press F	50	0.0	0.199645	-41.327	1.00000	5.19e-07	7400
P.Piquet000976	Brake Press R	50	0.0	0.199643	-41.126	1.00000	0.2	7400
P.Piquet000976	Steering	100	0.09775171065493646	0.0977517	-40.469	1.00000	2.09e-06	14652
P.Piquet000976	Damper FL	100	-0.04887585532746823	-0.0488759	5.132	-1.00000	2.39e-07	14652
P.Piquet000976	Damper FR	100	-0.04887585532746823	-0.0488759	3.9101	-1.00000	2.37e-07	14652
P.Piquet000976	Damper RL	100	-0.04887585532746823	-0.0488759	9.5308	-1.00000	2.35e-07	14652
P.Piquet000976	Damper RR	100	-0.04887585532746823	-0.0488759	11.095	-1.00000	2.42e-07	14652
P.Piquet000976	Lap Number	1	1.0	const				148
P.Piquet000976	Running Lap Time	1	0.0	0.001	-7.3548e-07	1.00000	2.18e-06	148
P.Piquet000976	Beacon Code	50	1.0	const				7400
P.Piquet000976	Water Temp	10	0.0	0.1	-1.7043e-06	1.00000	1.91e-06	1480
P.Piquet000976	Oil Pressure	1	0.0	const				148
P.Piquet000976	Battery Voltage	20	0.1	0.1	-6.9323e-05	1.00000	5.03e-05	2960
P.Piquet000976	Lambda	20	2048.0	2048	-8.1719e-10	1.00000	4.66e-10	2960
P.Piquet000976	Fuel Pressure	50	0.0	const				7400
P.Piquet000976	Speed ECU	20	1.0	const				2960
P.Piquet000976	WS_FL	50	10.0	0.1	-3.3178e-08	1.00000	6.21e-06	7400
P.Piquet000976	WS_FR	50	10.0	0.1	-5.6966e-08	1.00000	6.24e-06	7400
P.Piquet000977	Speed	50	10.0	0.1	-8.7519e-08	1.00000	1.21e-05	27600
P.Piquet000977	RPM	50	1.0	1	5.8979e-14	1.00000	5.9e-14	27600
P.Piquet000977	Throttle Position	25	0.0	0.1	2.7096e-09	1.00000	3.05e-06	13800
P.Piquet000977	QmDistance	50	0.0	0.01	1.7673e-06	1.00000	0.000943	27370
P.Piquet000977	Acc Long	50	0.0	-0.0258256	12.944	-0.99998	0.0145	27600
P.Piquet000977	Acc Lat	50	0.0	-0.0261951	12.447	-0.99998	0.0328	27600
P.Piquet000977	Brake Press F	50	0.0	0.199645	-41.327	1.00000	3.43e-06	27600
P.Piquet000977	Brake Press R	50	0.0	0.199645	-41.127	1.00000	1.96e-06	27600
P.Piquet000977	Steering	100	0.09775171065493646	0.0977517	-40.469	1.00000	1.97e-06	54648
P.Piquet000977	Damper FL	100	-0.04887585532746823	-0.0488759	5.132	-1.00000	4.73e-07	54648
P.Piquet000977	Damper FR	100	-0.04887585532746823	-0.0488759	3.9101	-1.00000	4.8e-07	54648
P.Piquet000977	Damper RL	100	-0.04887585532746823	-0.0488759	9.5308	-1.00000	4.78e-07	54648
P.Piquet000977	Damper RR	100	-0.04887585532746823	-0.0488759	11.095	-1.00000	4.83e-07	54648
P.Piquet000977	Lap Number	1	1.0	1	-7.9888e-16	1.00000	2.66e-15	552
P.Piquet000977	Running Lap Time	1	0.0	0.001	-3.7134e-07	1.00000	4.65e-06	552
P.Piquet000977	Beacon Code	50	1.0	1	2.9235e-12	1.00000	2.98e-10	27600
P.Piquet000977	Water Temp	10	0.0	0.1	-1.6857e-06	1.00000	3.34e-06	5520
P.Piquet000977	Oil Pressure	1	0.0	const				552
P.Piquet000977	Battery Voltage	20	0.1	0.1	-0.00025607	1.00000	5.56e-05	11040
P.Piquet000977	Lambda	20	2048.0	2048	-5.5027e-10	1.00000	3.73e-09	11040
P.Piquet000977	Fuel Pressure	50	0.0	const				27600
P.Piquet000977	Speed ECU	20	1.0	const				11040
P.Piquet000977	WS_FL	50	10.0	0.1	-1.3504e-07	1.00000	1.2e-05	27600
P.Piquet000977	WS_FR	50	10.0	0.1	9.1908e-09	1.00000	6.2e-06	27600
P.Piquet000978	Speed	50	10.0	0.1	-2.7189e-08	1.00000	6.38e-06	6350
P.Piquet000978	RPM	50	1.0	1	-9.3575e-13	1.00000	9.36e-13	6350
P.Piquet000978	Throttle Position	25	0.0	0.1	1.4289e-08	1.00000	3.09e-06	3175
P.Piquet000978	QmDistance	50	0.0	0.01	-2.4694e-07	1.00000	0.000118	6097
P.Piquet000978	Acc Long	50	0.0	-0.0258708	12.964	-0.99997	0.013	6350
P.Piquet000978	Acc Lat	50	0.0	-0.0261782	12.437	-0.99998	0.0267	6350
P.Piquet000978	Brake Press F	50	0.0	0.199645	-41.327	1.00000	9.95e-07	6350
P.Piquet000978	Brake Press R	50	0.0	0.199645	-41.127	1.00000	8.11e-07	6350
P.Piquet000978	Steering	100	0.09775171065493646	0.0977517	-40.469	1.00000	1.99e-06	12573
P.Piquet000978	Damper FL	100	-0.04887585532746823	-0.0488759	5.132	-1.00000	2.37e-07	12573
P.Piquet000978	Damper FR	100	-0.04887585532746823	-0.0488759	3.9101	-1.00000	2.37e-07	12573
P.Piquet000978	Damper RL	100	-0.04887585532746823	-0.0488759	9.5308	-1.00000	2.37e-07	12573
P.Piquet000978	Damper RR	100	-0.04887585532746823	-0.0488759	11.095	-1.00000	3.3e-07	12573
P.Piquet000978	Lap Number	1	1.0	const				127
P.Piquet000978	Running Lap Time	1	0.0	0.001	-9.3415e-07	1.00000	2.26e-06	127
P.Piquet000978	Beacon Code	50	1.0	const				6350
P.Piquet000978	Water Temp	10	0.0	0.1	-5.3199e-06	1.00000	3.81e-06	1270
P.Piquet000978	Oil Pressure	1	0.0	const				127
P.Piquet000978	Battery Voltage	20	0.1	0.1	-0.00048052	1.00000	5.88e-05	2540
P.Piquet000978	Lambda	20	2048.0	2048	-6.4096e-11	1.00000	2.79e-09	2540
P.Piquet000978	Fuel Pressure	50	0.0	const				6350
P.Piquet000978	Speed ECU	20	1.0	const				2540
P.Piquet000978	WS_FL	50	10.0	0.1	-1.0353e-08	1.00000	6.35e-06	6350
P.Piquet000978	WS_FR	50	10.0	0.1	-6.2483e-08	1.00000	6.26e-06	6350
P.Piquet000979	Speed	50	10.0	0.1	-7.8147e-08	1.00000	1.24e-05	27900
P.Piquet000979	RPM	50	1.0	1	-1.1078e-12	1.00000	1.14e-12	27900
P.Piquet000979	Throttle Position	25	0.0	0.1	-7.2507e-09	1.00000	3.06e-06	13950
P.Piquet000979	QmDistance	50	0.0	0.01	1.2077e-06	1.00000	0.00095	27598
P.Piquet000979	Acc Long	50	0.0	-0.0258477	12.955	-0.99998	0.0186	27900
P.Piquet000979	Acc Lat	50	0.0	-0.0262074	12.452	-0.99998	0.034	27900
P.Piquet000979	Brake Press F	50	0.0	0.199645	-41.327	1.00000	3.5e-06	27900
P.Piquet000979	Brake Press R	50	0.0	0.199645	-41.127	1.00000	0.998	27900
P.Piquet000979	Steering	100	0.09775171065493646	0.0977517	-40.469	1.00000	1.88e-06	55242
P.Piquet000979	Damper FL	100	-0.04887585532746823	-0.0488759	5.132	-1.00000	4.77e-07	55242
P.Piquet000979	Damper FR	100	-0.04887585532746823	-0.0488759	3.9101	-1.00000	4.77e-07	55242
P.Piquet000979	Damper RL	100	-0.04887585532746823	-0.0488759	9.5308	-1.00000	4.72e-07	55242
P.Piquet000979	Damper RR	100	-0.04887585532746823	-0.0488759	11.095	-1.00000	4.89e-07	55242
P.Piquet000979	Lap Number	1	1.0	1	-3.477e-16	1.00000	2.66e-15	558
P.Piquet000979	Running Lap Time	1	0.0	0.001	7.9511e-07	1.00000	4.23e-06	558
P.Piquet000979	Beacon Code	50	1.0	1	9.0693e-12	1.00000	7.28e-11	27900
P.Piquet000979	Water Temp	10	0.0	0.1	-2.6216e-06	1.00000	3.44e-06	5580
P.Piquet000979	Oil Pressure	1	0.0	const				558
P.Piquet000979	Battery Voltage	20	0.1	0.1	9.3259e-05	1.00000	5.19e-05	11160
P.Piquet000979	Lambda	20	2048.0	2048	-7.9076e-10	1.00000	2.79e-09	11160
P.Piquet000979	Fuel Pressure	50	0.0	const				27900
P.Piquet000979	Speed ECU	20	1.0	const				11160
P.Piquet000979	WS_FL	50	10.0	0.1	-1.5622e-07	1.00000	1.25e-05	27900
P.Piquet000979	WS_FR	50	10.0	0.1	-8.2364e-08	1.00000	1.23e-05	27900
P.Piquet000980	Speed	50	10.0	0.1	-5.7656e-08	1.00000	1.23e-05	24050
P.Piquet000980	RPM	50	1.0	1	-1.9599e-13	1.00000	3.64e-12	24050
P.Piquet000980	Throttle Position	25	0.0	0.1	3.5419e-08	1.00000	3.07e-06	12025
P.Piquet000980	QmDistance	50	0.0	0.01	2.5134e-06	1.00000	0.000944	23827
P.Piquet000980	Acc Long	50	0.0	-0.0258569	12.96	-0.99998	0.0175	24050
P.Piquet000980	Acc Lat	50	0.0	-0.0261991	12.449	-0.99998	0.033	24050
P.Piquet000980	Brake Press F	50	0.0	0.199645	-41.327	1.00000	3.74e-06	24050
P.Piquet000980	Brake Press R	50	0.0	0.199645	-41.127	1.00000	1.93e-06	24050
P.Piquet000980	Steering	100	0.09775171065493646	0.0977517	-40.469	1.00000	2.05e-06	47619
P.Piquet000980	Damper FL	100	-0.04887585532746823	-0.0488759	5.132	-1.00000	4.72e-07	47619
P.Piquet000980	Damper FR	100	-0.04887585532746823	-0.0488759	3.9101	-1.00000	4.79e-07	47619
P.Piquet000980	Damper RL	100	-0.04887585532746823	-0.0488759	9.5308	-1.00000	4.78e-07	47619
P.Piquet000980	Damper RR	100	-0.04887585532746823	-0.0488759	11.095	-1.00000	3.82e-07	47619
P.Piquet000980	Lap Number	1	1.0	1	-8.2527e-17	1.00000	1.11e-16	481
P.Piquet000980	Running Lap Time	1	0.0	0.001	-6.3575e-07	1.00000	4.62e-06	481
P.Piquet000980	Beacon Code	50	1.0	1	2.8564e-11	1.00000	5.53e-10	24050
P.Piquet000980	Water Temp	10	0.0	0.1	2.0203e-06	1.00000	3.7e-06	4810
P.Piquet000980	Oil Pressure	1	0.0	const				481
P.Piquet000980	Battery Voltage	20	0.1	0.1	0.00046822	1.00000	6.23e-05	9620
P.Piquet000980	Lambda	20	2048.0	2048	2.6846e-10	1.00000	4.66e-10	9620
P.Piquet000980	Fuel Pressure	50	0.0	const				24050
P.Piquet000980	Speed ECU	20	1.0	const				9620
P.Piquet000980	WS_FL	50	10.0	0.1	-7.6809e-08	1.00000	1.23e-05	24050
P.Piquet000980	WS_FR	50	10.0	0.1	-4.3041e-08	1.00000	6.27e-06	24050
P.Piquet000981	Speed	50	10.0	0.1	-2.8844e-09	1.00000	1.21e-05	34050
P.Piquet000981	RPM	50	1.0	1	-3.1041e-13	1.00000	9.09e-13	34050
P.Piquet000981	Throttle Position	25	0.0	0.1	1.7787e-08	1.00000	3.06e-06	17025
P.Piquet000981	QmDistance	50	0.0	0.01	-2.1781e-06	1.00000	0.000939	28273
P.Piquet000981	Acc Long	50	0.0	-0.025974	13.017	-0.99997	0.024	34050
P.Piquet000981	Acc Lat	50	0.0	-0.0262313	12.462	-0.99999	0.0312	34050
P.Piquet000981	Brake Press F	50	0.0	0.199645	-41.327	1.00000	3.31e-06	34050
P.Piquet000981	Brake Press R	50	0.0	0.199645	-41.127	1.00000	1.93e-06	34050
P.Piquet000981	Steering	100	0.09775171065493646	0.0977517	-40.469	1.00000	1.88e-06	67419
P.Piquet000981	Damper FL	100	-0.04887585532746823	-0.0488759	5.132	-1.00000	4.78e-07	67419
P.Piquet000981	Damper FR	100	-0.04887585532746823	-0.0488759	3.9101	-1.00000	4.77e-07	67419
P.Piquet000981	Damper RL	100	-0.04887585532746823	-0.0488759	9.5308	-1.00000	4.67e-07	67419
P.Piquet000981	Damper RR	100	-0.04887585532746823	-0.0488759	11.095	-1.00000	4.84e-07	67419
P.Piquet000981	Lap Number	1	1.0	1	-3.5859e-16	1.00000	8.88e-16	681
P.Piquet000981	Running Lap Time	1	0.0	0.001	1.3334e-06	1.00000	6.31e-06	681
P.Piquet000981	Beacon Code	50	1.0	1	-5.515e-12	1.00000	3.57e-10	34050
P.Piquet000981	Water Temp	10	0.0	0.1	4.9191e-07	1.00000	3.21e-06	6810
P.Piquet000981	Oil Pressure	1	0.0	const				681
P.Piquet000981	Battery Voltage	20	0.1	0.1	8.6789e-05	1.00000	5.24e-05	13620
P.Piquet000981	Lambda	20	2048.0	2048	6.9551e-10	1.00000	4.66e-09	13620
P.Piquet000981	Fuel Pressure	50	0.0	const				34050
P.Piquet000981	Speed ECU	20	1.0	const				13620
P.Piquet000981	WS_FL	50	10.0	0.1	-1.9176e-08	1.00000	1.21e-05	34050
P.Piquet000981	WS_FR	50	10.0	0.1	6.0389e-09	1.00000	6.18e-06	34050
P.Piquet000982	Speed	50	10.0	0.1	1.8674e-08	1.00000	1.24e-05	21650
P.Piquet000982	RPM	50	1.0	1	-4.2675e-13	1.00000	1.82e-12	21650
P.Piquet000982	Throttle Position	25	0.0	0.1	1.1781e-08	1.00000	3.09e-06	10825
P.Piquet000982	QmDistance	50	0.0	0.01	3.1013e-07	1.00000	0.000938	21131
P.Piquet000982	Acc Long	50	0.0	-0.0258973	12.978	-0.99997	0.0222	21650
P.Piquet000982	Acc Lat	50	0.0	-0.0262052	12.451	-0.99998	0.0335	21650
P.Piquet000982	Brake Press F	50	0.0	0.199645	-41.327	1.00000	3.93e-06	21650
P.Piquet000982	Brake Press R	50	0.0	0.199645	-41.127	1.00000	1.94e-06	21650
P.Piquet000982	Steering	100	0.09775171065493646	0.0977517	-40.469	1.00000	2.03e-06	42867
P.Piquet000982	Damper FL	100	-0.04887585532746823	-0.0488759	5.132	-1.00000	4.78e-07	42867
P.Piquet000982	Damper FR	100	-0.04887585532746823	-0.0488759	3.9101	-1.00000	4.8e-07	42867
P.Piquet000982	Damper RL	100	-0.04887585532746823	-0.0488759	9.5308	-1.00000	4.8e-07	42867
P.Piquet000982	Damper RR	100	-0.04887585532746823	-0.0488759	11.095	-1.00000	3.31e-07	42867
P.Piquet000982	Lap Number	1	1.0	1	5.0957e-17	1.00000	1.78e-15	433
P.Piquet000982	Running Lap Time	1	0.0	0.001	-5.5558e-07	1.00000	4.15e-06	433
P.Piquet000982	Beacon Code	50	1.0	1	-1.8155e-12	1.00000	2.47e-10	21650
P.Piquet000982	Water Temp	10	0.0	0.1	3.0713e-06	1.00000	3.82e-06	4330
P.Piquet000982	Oil Pressure	1	0.0	const				433
P.Piquet000982	Battery Voltage	20	0.1	0.1	0.00013033	1.00000	5.31e-05	8660
P.Piquet000982	Lambda	20	2048.0	2048	1.1873e-10	1.00000	0	8660
P.Piquet000982	Fuel Pressure	50	0.0	const				21650
P.Piquet000982	Speed ECU	20	1.0	const				8660
P.Piquet000982	WS_FL	50	10.0	0.1	-1.891e-08	1.00000	1.24e-05	21650
P.Piquet000982	WS_FR	50	10.0	0.1	-3.2772e-08	1.00000	1.23e-05	21650
P.Piquet000985	Speed	50	10.0	0.1	-4.3242e-08	1.00000	6.23e-06	17800
P.Piquet000985	RPM	50	1.0	1	6.9413e-13	1.00000	2.73e-12	17800
P.Piquet000985	Throttle Position	25	0.0	0.1	-2.7923e-08	1.00000	3.2e-06	8900
P.Piquet000985	QmDistance	50	0.0	0.01	-7.5534e-07	1.00000	0.000472	17356
P.Piquet000985	Acc Long	50	0.0	-0.0258616	12.96	-0.99997	0.0148	17800
P.Piquet000985	Acc Lat	50	0.0	-0.0262083	12.452	-0.99998	0.0352	17800
P.Piquet000985	Brake Press F	50	0.0	0.199645	-41.327	1.00000	1.96e-06	17800
P.Piquet000985	Brake Press R	50	0.0	0.199645	-41.127	1.00000	0.2	17800
P.Piquet000985	Steering	100	0.09775171065493646	0.0977517	-40.469	1.00000	1.91e-06	35244
P.Piquet000985	Damper FL	100	-0.04887585532746823	-0.0488759	5.132	-1.00000	4.75e-07	35244
P.Piquet000985	Damper FR	100	-0.04887585532746823	-0.0488759	3.9101	-1.00000	4.79e-07	35244
P.Piquet000985	Damper RL	100	-0.04887585532746823	-0.0488759	9.5308	-1.00000	4.31e-07	35244
P.Piquet000985	Damper RR	100	-0.04887585532746823	-0.0488759	11.095	-1.00000	3.88e-07	35244
P.Piquet000985	Lap Number	1	1.0	1	1.2953e-16	1.00000	1.33e-15	356
P.Piquet000985	Running Lap Time	1	0.0	0.001	-8.486e-07	1.00000	3.15e-06	356
P.Piquet000985	Beacon Code	50	1.0	1	-4.6909e-12	1.00000	1.53e-10	17800
P.Piquet000985	Water Temp	10	0.0	0.1	-3.0682e-06	1.00000	3.72e-06	3560
P.Piquet000985	Oil Pressure	1	0.0	const				356
P.Piquet000985	Battery Voltage	20	0.1	0.1	0.00023006	1.00000	5.14e-05	7120
P.Piquet000985	Lambda	20	2048.0	2048	-6.6861e-10	1.00000	9.31e-10	7120
P.Piquet000985	Fuel Pressure	50	0.0	const				17800
P.Piquet000985	Speed ECU	20	1.0	const				7120
P.Piquet000985	WS_FL	50	10.0	0.1	-9.5394e-08	1.00000	6.24e-06	17800
P.Piquet000985	WS_FR	50	10.0	0.1	-2.7228e-08	1.00000	6.24e-06	17800
P.Piquet000986	Speed	50	10.0	const				12600
P.Piquet000986	RPM	50	1.0	1	-1.8604e-13	1.00000	1.82e-12	12600
P.Piquet000986	Throttle Position	25	0.0	0.1	6.7212e-10	1.00000	7.85e-07	6300
P.Piquet000986	QmDistance	50	0.0	const				0
P.Piquet000986	Acc Long	50	0.0	-0.0256871	12.869	-0.99999	0.00345	12600
P.Piquet000986	Acc Lat	50	0.0	-0.0263158	12.5	-1.00000	3.42e-09	12600
P.Piquet000986	Brake Press F	50	0.0	0.199645	-41.327	1.00000	4.33e-13	12600
P.Piquet000986	Brake Press R	50	0.0	0.199645	-41.127	1.00000	2.84e-14	12600
P.Piquet000986	Steering	100	0.09775171065493646	0.0977517	-40.469	1.00000	1.47e-07	24948
P.Piquet000986	Damper FL	100	-0.04887585532746823	-0.0488758	5.132	-1.00000	5.33e-15	24948
P.Piquet000986	Damper FR	100	-0.04887585532746823	-0.0488758	3.9101	-1.00000	8.44e-15	24948
P.Piquet000986	Damper RL	100	-0.04887585532746823	-0.0488758	9.5308	-1.00000	1.14e-13	24948
P.Piquet000986	Damper RR	100	-0.04887585532746823	-0.0488758	11.095	-1.00000	9.05e-07	24948
P.Piquet000986	Lap Number	1	1.0	const				252
P.Piquet000986	Running Lap Time	1	0.0	0.001	2.1297e-07	1.00000	2.19e-06	252
P.Piquet000986	Beacon Code	50	1.0	const				12600
P.Piquet000986	Water Temp	10	0.0	0.1	-4.2671e-07	1.00000	1.62e-06	2520
P.Piquet000986	Oil Pressure	1	0.0	const				252
P.Piquet000986	Battery Voltage	20	0.1	0.1	-0.00024302	1.00000	5.62e-05	5040
P.Piquet000986	Lambda	20	2048.0	2048	-1.865e-09	1.00000	2.79e-09	5040
P.Piquet000986	Fuel Pressure	50	0.0	const				12600
P.Piquet000986	Speed ECU	20	1.0	const				5040
P.Piquet000986	WS_FL	50	10.0	const				12600
P.Piquet000986	WS_FR	50	10.0	const				12600
P.Piquet000987	Speed	50	10.0	0.1	3.6346e-09	1.00000	1.23e-05	65750
P.Piquet000987	RPM	50	1.0	1	-7.5803e-13	1.00000	9.09e-13	65750
P.Piquet000987	Throttle Position	25	0.0	0.1	3.7223e-09	1.00000	3.2e-06	32875
P.Piquet000987	QmDistance	50	0.0	0.01	-1.2846e-07	1.00000	0.000942	32297
P.Piquet000987	Acc Long	50	0.0	-0.0258654	12.961	-0.99996	0.0198	65750
P.Piquet000987	Acc Lat	50	0.0	-0.0262131	12.453	-0.99998	0.0348	65750
P.Piquet000987	Brake Press F	50	0.0	0.199645	-41.327	1.00000	3.65e-06	65750
P.Piquet000987	Brake Press R	50	0.0	0.199645	-41.127	1.00000	0.399	65750
P.Piquet000987	Steering	100	0.09775171065493646	0.0977517	-40.469	1.00000	2e-06	130185
P.Piquet000987	Damper FL	100	-0.04887585532746823	-0.0488759	5.132	-1.00000	4.66e-07	130185
P.Piquet000987	Damper FR	100	-0.04887585532746823	-0.0488759	3.9101	-1.00000	4.68e-07	130185
P.Piquet000987	Damper RL	100	-0.04887585532746823	-0.0488759	9.5308	-1.00000	4.79e-07	130185
P.Piquet000987	Damper RR	100	-0.04887585532746823	-0.0488759	11.095	-1.00000	3.29e-07	130185
P.Piquet000987	Lap Number	1	1.0	1	-1.093e-15	1.00000	9.77e-15	1315
P.Piquet000987	Running Lap Time	1	0.0	0.001	4.3808e-06	1.00000	4.9e-05	1315
P.Piquet000987	Beacon Code	50	1.0	1	1.4102e-12	1.00000	4.37e-10	65750
P.Piquet000987	Water Temp	10	0.0	0.1	6.8773e-07	1.00000	3.6e-06	13150
P.Piquet000987	Oil Pressure	1	0.0	const				1315
P.Piquet000987	Battery Voltage	20	0.1	0.1	-0.00014265	1.00000	5.26e-05	26300
P.Piquet000987	Lambda	20	2048.0	2048	-5.2244e-10	1.00000	2.79e-09	26300
P.Piquet000987	Fuel Pressure	50	0.0	const				65750
P.Piquet000987	Speed ECU	20	1.0	const				26300
P.Piquet000987	WS_FL	50	10.0	0.1	2.2669e-09	1.00000	1.23e-05	65750
P.Piquet000987	WS_FR	50	10.0	0.1	-6.7126e-09	1.00000	6.29e-06	65750
P.Piquet000988	Speed	50	10.0	0.1	-1.2984e-08	1.00000	6.22e-06	20200
P.Piquet000988	RPM	50	1.0	1	1.8314e-13	1.00000	4.55e-12	20200
P.Piquet000988	Throttle Position	25	0.0	0.1	1.7355e-08	1.00000	3.14e-06	10100
P.Piquet000988	QmDistance	50	0.0	0.01	-1.8961e-06	1.00000	0.000943	19960
P.Piquet000988	Acc Long	50	0.0	-0.0258267	12.943	-0.99998	0.0137	20200
P.Piquet000988	Acc Lat	50	0.0	-0.0262031	12.45	-0.99998	0.035	20200
P.Piquet000988	Brake Press F	50	0.0	0.199645	-41.327	1.00000	2.99e-06	20200
P.Piquet000988	Brake Press R	50	0.0	0.199645	-41.127	1.00000	1.75e-06	20200
P.Piquet000988	Steering	100	0.09775171065493646	0.0977517	-40.469	1.00000	2e-06	39996
P.Piquet000988	Damper FL	100	-0.04887585532746823	-0.0488759	5.132	-1.00000	4.3e-07	39996
P.Piquet000988	Damper FR	100	-0.04887585532746823	-0.0488759	3.9101	-1.00000	4.78e-07	39996
P.Piquet000988	Damper RL	100	-0.04887585532746823	-0.0488759	9.5308	-1.00000	4.32e-07	39996
P.Piquet000988	Damper RR	100	-0.04887585532746823	-0.0488759	11.095	-1.00000	4.59e-07	39996
P.Piquet000988	Lap Number	1	1.0	1	7.2377e-16	1.00000	3.55e-15	404
P.Piquet000988	Running Lap Time	1	0.0	0.001	-7.2415e-07	1.00000	3.41e-06	404
P.Piquet000988	Beacon Code	50	1.0	1	-9.6318e-12	1.00000	8e-11	20200
P.Piquet000988	Water Temp	10	0.0	0.1	-1.5805e-06	1.00000	3.78e-06	4040
P.Piquet000988	Oil Pressure	1	0.0	const				404
P.Piquet000988	Battery Voltage	20	0.1	0.1	-0.00048071	1.00000	5.56e-05	8080
P.Piquet000988	Lambda	20	2048.0	2048	-2.2618e-10	1.00000	2.79e-09	8080
P.Piquet000988	Fuel Pressure	50	0.0	const				20200
P.Piquet000988	Speed ECU	20	1.0	const				8080
P.Piquet000988	WS_FL	50	10.0	0.1	-1.0232e-07	1.00000	6.29e-06	20200
P.Piquet000988	WS_FR	50	10.0	0.1	-2.7182e-08	1.00000	6.25e-06	20200
P.Piquet000989	Speed	50	10.0	const				400
P.Piquet000989	RPM	50	1.0	1	9.0115e-13	1.00000	2.73e-12	400
P.Piquet000989	Throttle Position	25	0.0	0.1	1.1238e-09	1.00000	4.15e-07	200
P.Piquet000989	QmDistance	50	0.0	const				0
P.Piquet000989	Acc Long	50	0.0	-0.025641	12.846	-1.00000	2.13e-14	400
P.Piquet000989	Acc Lat	50	0.0	-0.0263158	12.5	-1.00000	1.42e-14	400
P.Piquet000989	Brake Press F	50	0.0	0.199645	-41.327	1.00000	3.55e-14	400
P.Piquet000989	Brake Press R	50	0.0	0.199645	-41.127	1.00000	4.97e-14	400
P.Piquet000989	Steering	100	0.09775171065493646	0.0977517	-40.469	1.00000	3.92e-08	792
P.Piquet000989	Damper FL	100	-0.04887585532746823	-0.0488759	5.132	-1.00000	1.07e-14	792
P.Piquet000989	Damper FR	100	-0.04887585532746823	-0.0488759	3.9101	-1.00000	5.69e-08	792
P.Piquet000989	Damper RL	100	-0.04887585532746823	-0.0488758	9.5308	-1.00000	1.24e-14	792
P.Piquet000989	Damper RR	100	-0.04887585532746823	const				792
P.Piquet000989	Lap Number	1	1.0	const				8
P.Piquet000989	Running Lap Time	1	0.0	const				8
P.Piquet000989	Beacon Code	50	1.0	const				400
P.Piquet000989	Water Temp	10	0.0	const				80
P.Piquet000989	Oil Pressure	1	0.0	const				8
P.Piquet000989	Battery Voltage	20	0.1	0.0999996	0.0046737	1.00000	6.62e-05	160
P.Piquet000989	Lambda	20	2048.0	2048	2.8277e-10	1.00000	2.79e-09	160
P.Piquet000989	Fuel Pressure	50	0.0	const				400
P.Piquet000989	Speed ECU	20	1.0	const				160
P.Piquet000989	WS_FL	50	10.0	const				400
P.Piquet000989	WS_FR	50	10.0	const				400
P.Piquet000990	Speed	50	10.0	0.1	-1.2721e-08	1.00000	1.24e-05	23800
P.Piquet000990	RPM	50	1.0	1	9.5853e-13	1.00000	9.59e-13	23800
P.Piquet000990	Throttle Position	25	0.0	0.1	1.5878e-08	1.00000	3.06e-06	11900
P.Piquet000990	QmDistance	50	0.0	0.01	-3.4303e-08	1.00000	0.000941	22123
P.Piquet000990	Acc Long	50	0.0	-0.0258111	12.935	-0.99997	0.0148	23800
P.Piquet000990	Acc Lat	50	0.0	-0.0261942	12.447	-0.99998	0.0334	23800
P.Piquet000990	Brake Press F	50	0.0	0.199645	-41.327	1.00000	3.6e-06	23800
P.Piquet000990	Brake Press R	50	0.0	0.199645	-41.127	1.00000	0.2	23800
P.Piquet000990	Steering	100	0.09775171065493646	0.0977517	-40.469	1.00000	1.93e-06	47124
P.Piquet000990	Damper FL	100	-0.04887585532746823	-0.0488759	5.132	-1.00000	4.81e-07	47124
P.Piquet000990	Damper FR	100	-0.04887585532746823	-0.0488759	3.9101	-1.00000	4.79e-07	47124
P.Piquet000990	Damper RL	100	-0.04887585532746823	-0.0488759	9.5308	-1.00000	4.58e-07	47124
P.Piquet000990	Damper RR	100	-0.04887585532746823	-0.0488759	11.095	-1.00000	3.81e-07	47124
P.Piquet000990	Lap Number	1	1.0	1	3.0713e-16	1.00000	3.55e-15	476
P.Piquet000990	Running Lap Time	1	0.0	0.001	-6.2525e-07	1.00000	3.87e-06	476
P.Piquet000990	Beacon Code	50	1.0	1	-1.7313e-11	1.00000	4.29e-10	23800
P.Piquet000990	Water Temp	10	0.0	0.1	5.5183e-06	1.00000	1.88e-06	4760
P.Piquet000990	Oil Pressure	1	0.0	const				476
P.Piquet000990	Battery Voltage	20	0.1	0.1	0.00034289	1.00000	5.61e-05	9520
P.Piquet000990	Lambda	20	2048.0	2048	-3.2215e-10	1.00000	9.31e-10	9520
P.Piquet000990	Fuel Pressure	50	0.0	const				23800
P.Piquet000990	Speed ECU	20	1.0	const				9520
P.Piquet000990	WS_FL	50	10.0	0.1	-1.1768e-08	1.00000	1.23e-05	23800
P.Piquet000990	WS_FR	50	10.0	0.1	-6.7568e-08	1.00000	1.24e-05	23800
P.Piquet000991	Speed	50	10.0	0.1	2.0507e-06	1.00000	3.84e-06	150
P.Piquet000991	RPM	50	1.0	1	2.0319e-13	1.00000	9.09e-13	150
P.Piquet000991	Throttle Position	25	0.0	0.1	9.8976e-09	1.00000	1.5e-06	75
P.Piquet000991	QmDistance	50	0.0	0.01	7.7963e-08	1.00000	1.04e-06	150
P.Piquet000991	Acc Long	50	0.0	-0.0263158	13.181	-1.00000	4.41e-08	150
P.Piquet000991	Acc Lat	50	0.0	-0.0263158	12.5	-1.00000	7.85e-09	150
P.Piquet000991	Brake Press F	50	0.0	0.199645	-41.327	1.00000	1.42e-14	150
P.Piquet000991	Brake Press R	50	0.0	0.199645	-41.127	1.00000	7.11e-15	150
P.Piquet000991	Steering	100	0.09775171065493646	0.0977517	-40.469	1.00000	6.5e-08	297
P.Piquet000991	Damper FL	100	-0.04887585532746823	-0.0488759	5.132	-1.00000	2.21e-08	297
P.Piquet000991	Damper FR	100	-0.04887585532746823	-0.0488759	3.9101	-1.00000	2.86e-08	297
P.Piquet000991	Damper RL	100	-0.04887585532746823	-0.0488759	9.5308	-1.00000	9.99e-08	297
P.Piquet000991	Damper RR	100	-0.04887585532746823	-0.0488759	11.095	-1.00000	1.24e-07	297
P.Piquet000991	Lap Number	1	1.0	const				3
P.Piquet000991	Running Lap Time	1	0.0	const				3
P.Piquet000991	Beacon Code	50	1.0	const				150
P.Piquet000991	Water Temp	10	0.0	0.0999996	0.0002864	1.00000	1.42e-14	30
P.Piquet000991	Oil Pressure	1	0.0	const				3
P.Piquet000991	Battery Voltage	20	0.1	0.100001	-0.0092452	1.00000	7.75e-05	60
P.Piquet000991	Lambda	20	2048.0	2048	2.3674e-10	1.00000	1.86e-09	60
P.Piquet000991	Fuel Pressure	50	0.0	const				150
P.Piquet000991	Speed ECU	20	1.0	const				60
P.Piquet000991	WS_FL	50	10.0	0.1	4.4075e-06	1.00000	4.89e-06	150
P.Piquet000991	WS_FR	50	10.0	0.1	2.5542e-06	1.00000	3.95e-06	150
P.Piquet000993	Speed	50	10.0	0.1	-7.2105e-08	1.00000	1.24e-05	29350
P.Piquet000993	RPM	50	1.0	1	-4.3422e-13	1.00000	4.55e-13	29350
P.Piquet000993	Throttle Position	25	0.0	0.1	-2.4861e-09	1.00000	3.06e-06	14675
P.Piquet000993	QmDistance	50	0.0	0.01	2.9966e-06	1.00000	0.000939	28948
P.Piquet000993	Acc Long	50	0.0	-0.0258671	12.963	-0.99997	0.0159	29350
P.Piquet000993	Acc Lat	50	0.0	-0.0262074	12.452	-0.99999	0.0327	29350
P.Piquet000993	Brake Press F	50	0.0	0.199645	-41.327	1.00000	3.86e-06	29350
P.Piquet000993	Brake Press R	50	0.0	0.199645	-41.127	1.00000	0.2	29350
P.Piquet000993	Steering	100	0.09775171065493646	0.0977517	-40.469	1.00000	1.97e-06	58113
P.Piquet000993	Damper FL	100	-0.04887585532746823	-0.0488759	5.132	-1.00000	4.76e-07	58113
P.Piquet000993	Damper FR	100	-0.04887585532746823	-0.0488759	3.9101	-1.00000	4.77e-07	58113
P.Piquet000993	Damper RL	100	-0.04887585532746823	-0.0488759	9.5308	-1.00000	4.72e-07	58113
P.Piquet000993	Damper RR	100	-0.04887585532746823	-0.0488759	11.095	-1.00000	2.42e-07	58113
P.Piquet000993	Lap Number	1	1.0	1	3.277e-16	1.00000	4.44e-16	587
P.Piquet000993	Running Lap Time	1	0.0	0.001	-6.3275e-07	1.00000	2.83e-06	587
P.Piquet000993	Beacon Code	50	1.0	1	-1.6086e-11	1.00000	6.84e-10	29350
P.Piquet000993	Water Temp	10	0.0	0.1	4.0394e-07	1.00000	3.01e-06	5870
P.Piquet000993	Oil Pressure	1	0.0	const				587
P.Piquet000993	Battery Voltage	20	0.1	0.1	-0.00052005	1.00000	5.44e-05	11740
P.Piquet000993	Lambda	20	2048.0	2048	-2.0595e-10	1.00000	6.52e-09	11740
P.Piquet000993	Fuel Pressure	50	0.0	const				29350
P.Piquet000993	Speed ECU	20	1.0	const				11740
P.Piquet000993	WS_FL	50	10.0	0.1	-8.443e-08	1.00000	1.24e-05	29350
P.Piquet000993	WS_FR	50	10.0	0.1	-4.5984e-08	1.00000	6.31e-06	29350
P.Piquet000994	Speed	50	10.0	0.1	-8.484e-08	1.00000	1.23e-05	28350
P.Piquet000994	RPM	50	1.0	1	-5.1327e-13	1.00000	3.64e-12	28350
P.Piquet000994	Throttle Position	25	0.0	0.1	1.2828e-09	1.00000	3.05e-06	14175
P.Piquet000994	QmDistance	50	0.0	0.01	2.6138e-07	1.00000	0.000943	28084
P.Piquet000994	Acc Long	50	0.0	-0.0258651	12.963	-0.99997	0.0161	28350
P.Piquet000994	Acc Lat	50	0.0	-0.0261939	12.446	-0.99998	0.0369	28350
P.Piquet000994	Brake Press F	50	0.0	0.199645	-41.327	1.00000	3.66e-06	28350
P.Piquet000994	Brake Press R	50	0.0	0.199645	-41.127	1.00000	0.799	28350
P.Piquet000994	Steering	100	0.09775171065493646	0.0977517	-40.469	1.00000	1.95e-06	56133
P.Piquet000994	Damper FL	100	-0.04887585532746823	-0.0488759	5.132	-1.00000	4.76e-07	56133
P.Piquet000994	Damper FR	100	-0.04887585532746823	-0.0488759	3.9101	-1.00000	4.79e-07	56133
P.Piquet000994	Damper RL	100	-0.04887585532746823	-0.0488759	9.5308	-1.00000	4.75e-07	56133
P.Piquet000994	Damper RR	100	-0.04887585532746823	-0.0488759	11.095	-1.00000	4.59e-07	56133
P.Piquet000994	Lap Number	1	1.0	1	3.2892e-16	1.00000	2.66e-15	567
P.Piquet000994	Running Lap Time	1	0.0	0.001	-3.8827e-07	1.00000	4.08e-06	567
P.Piquet000994	Beacon Code	50	1.0	1	1.342e-11	1.00000	3.2e-10	28350
P.Piquet000994	Water Temp	10	0.0	0.1	9.9897e-07	1.00000	3.33e-06	5670
P.Piquet000994	Oil Pressure	1	0.0	const				567
P.Piquet000994	Battery Voltage	20	0.1	0.1	0.00023839	1.00000	5.59e-05	11340
P.Piquet000994	Lambda	20	2048.0	2048	-1.274e-10	1.00000	9.31e-10	11340
P.Piquet000994	Fuel Pressure	50	0.0	const				28350
P.Piquet000994	Speed ECU	20	1.0	const				11340
P.Piquet000994	WS_FL	50	10.0	0.1	-1.1357e-08	1.00000	1.23e-05	28350
P.Piquet000994	WS_FR	50	10.0	0.1	-5.5551e-08	1.00000	1.24e-05	28350
P.Piquet000995	Speed	50	10.0	0.1	-9.2867e-09	1.00000	3.09e-06	3900
P.Piquet000995	RPM	50	1.0	1	8.2943e-14	1.00000	3.64e-12	3900
P.Piquet000995	Throttle Position	25	0.0	0.1	4.1456e-08	1.00000	1.37e-06	1950
P.Piquet000995	QmDistance	50	0.0	0.01	-1.7362e-07	1.00000	8.32e-06	1852
P.Piquet000995	Acc Long	50	0.0	-0.0257098	12.881	-0.99998	0.00798	3900
P.Piquet000995	Acc Lat	50	0.0	-0.0263158	12.5	-1.00000	1.39e-08	3900
P.Piquet000995	Brake Press F	50	0.0	0.199645	-41.327	1.00000	1e-06	3900
P.Piquet000995	Brake Press R	50	0.0	0.199645	-41.127	1.00000	1.07e-06	3900
P.Piquet000995	Steering	100	0.09775171065493646	0.0977517	-40.469	1.00000	9.88e-07	7722
P.Piquet000995	Damper FL	100	-0.04887585532746823	-0.0488759	5.132	-1.00000	7.06e-08	7722
P.Piquet000995	Damper FR	100	-0.04887585532746823	-0.0488759	3.9101	-1.00000	7.62e-08	7722
P.Piquet000995	Damper RL	100	-0.04887585532746823	-0.0488759	9.5308	-1.00000	2.94e-07	7722
P.Piquet000995	Damper RR	100	-0.04887585532746823	-0.0488759	11.095	-1.00000	2.97e-07	7722
P.Piquet000995	Lap Number	1	1.0	const				78
P.Piquet000995	Running Lap Time	1	0.0	0.001	-5.5463e-07	1.00000	2.14e-06	78
P.Piquet000995	Beacon Code	50	1.0	const				3900
P.Piquet000995	Water Temp	10	0.0	0.1	1.6798e-05	1.00000	4.88e-06	780
P.Piquet000995	Oil Pressure	1	0.0	const				78
P.Piquet000995	Battery Voltage	20	0.1	0.1	-0.0007204	1.00000	5.18e-05	1560
P.Piquet000995	Lambda	20	2048.0	2048	-3.0139e-10	1.00000	1.4e-09	1560
P.Piquet000995	Fuel Pressure	50	0.0	const				3900
P.Piquet000995	Speed ECU	20	1.0	const				1560
P.Piquet000995	WS_FL	50	10.0	0.1	-2.0612e-09	1.00000	3.18e-06	3900
P.Piquet000995	WS_FR	50	10.0	0.1	-5.3577e-09	1.00000	3.1e-06	3900
P.Piquet000996	Speed	50	10.0	0.1	-8.9804e-08	1.00000	1.24e-05	28500
P.Piquet000996	RPM	50	1.0	1	6.4871e-13	1.00000	4.55e-12	28500
P.Piquet000996	Throttle Position	25	0.0	0.1	4.4326e-09	1.00000	3.05e-06	14250
P.Piquet000996	QmDistance	50	0.0	0.01	-5.0931e-06	1.00000	0.000952	28247
P.Piquet000996	Acc Long	50	0.0	-0.0258458	12.953	-0.99998	0.0146	28500
P.Piquet000996	Acc Lat	50	0.0	-0.0261959	12.447	-0.99998	0.0355	28500
P.Piquet000996	Brake Press F	50	0.0	0.199645	-41.327	1.00000	3.63e-06	28500
P.Piquet000996	Brake Press R	50	0.0	0.199645	-41.127	1.00000	1.96e-06	28500
P.Piquet000996	Steering	100	0.09775171065493646	0.0977517	-40.469	1.00000	1.81e-06	56430
P.Piquet000996	Damper FL	100	-0.04887585532746823	-0.0488759	5.132	-1.00000	4.78e-07	56430
P.Piquet000996	Damper FR	100	-0.04887585532746823	-0.0488759	3.9101	-1.00000	4.77e-07	56430
P.Piquet000996	Damper RL	100	-0.04887585532746823	-0.0488759	9.5308	-1.00000	4.77e-07	56430
P.Piquet000996	Damper RR	100	-0.04887585532746823	-0.0488759	11.095	-1.00000	4.58e-07	56430
P.Piquet000996	Lap Number	1	1.0	1	-1.3143e-17	1.00000	3.55e-15	570
P.Piquet000996	Running Lap Time	1	0.0	0.001	-3.4964e-08	1.00000	3.7e-06	570
P.Piquet000996	Beacon Code	50	1.0	1	-1.4785e-11	1.00000	4.15e-10	28500
P.Piquet000996	Water Temp	10	0.0	0.1	5.909e-06	1.00000	3.79e-06	5700
P.Piquet000996	Oil Pressure	1	0.0	const				570
P.Piquet000996	Battery Voltage	20	0.1	0.1	-0.00013095	1.00000	5.12e-05	11400
P.Piquet000996	Lambda	20	2048.0	2048	7.561e-11	1.00000	9.31e-10	11400
P.Piquet000996	Fuel Pressure	50	0.0	const				28500
P.Piquet000996	Speed ECU	20	1.0	const				11400
P.Piquet000996	WS_FL	50	10.0	0.1	-6.6667e-08	1.00000	1.24e-05	28500
P.Piquet000996	WS_FR	50	10.0	0.1	-6.3045e-08	1.00000	1.25e-05	28500
P.Piquet000997	Speed	50	10.0	0.1	-5.2818e-08	1.00000	1.23e-05	24150
P.Piquet000997	RPM	50	1.0	1	-1.8987e-13	1.00000	2.27e-13	24150
P.Piquet000997	Throttle Position	25	0.0	0.1	7.7515e-09	1.00000	3.06e-06	12075
P.Piquet000997	QmDistance	50	0.0	0.01	-2.4414e-07	1.00000	0.000939	23824
P.Piquet000997	Acc Long	50	0.0	-0.0258604	12.96	-0.99997	0.0156	24150
P.Piquet000997	Acc Lat	50	0.0	-0.026195	12.447	-0.99998	0.0319	24150
P.Piquet000997	Brake Press F	50	0.0	0.199645	-41.327	1.00000	3.7e-06	24150
P.Piquet000997	Brake Press R	50	0.0	0.199645	-41.127	1.00000	0.399	24150
P.Piquet000997	Steering	100	0.09775171065493646	0.0977517	-40.469	1.00000	1.92e-06	47817
P.Piquet000997	Damper FL	100	-0.04887585532746823	-0.0488759	5.132	-1.00000	4.76e-07	47817
P.Piquet000997	Damper FR	100	-0.04887585532746823	-0.0488759	3.9101	-1.00000	4.78e-07	47817
P.Piquet000997	Damper RL	100	-0.04887585532746823	-0.0488759	9.5308	-1.00000	4.75e-07	47817
P.Piquet000997	Damper RR	100	-0.04887585532746823	-0.0488759	11.095	-1.00000	2.39e-07	47817
P.Piquet000997	Lap Number	1	1.0	1	5.1969e-16	1.00000	2.66e-15	483
P.Piquet000997	Running Lap Time	1	0.0	0.001	-4.3672e-07	1.00000	4.06e-06	483
P.Piquet000997	Beacon Code	50	1.0	1	-1.0956e-11	1.00000	4.66e-10	24150
P.Piquet000997	Water Temp	10	0.0	0.1	-2.8797e-06	1.00000	3.62e-06	4830
P.Piquet000997	Oil Pressure	1	0.0	const				483
P.Piquet000997	Battery Voltage	20	0.1	0.1	0.00029842	1.00000	5.27e-05	9660
P.Piquet000997	Lambda	20	2048.0	2048	1.7452e-10	1.00000	9.31e-10	9660
P.Piquet000997	Fuel Pressure	50	0.0	const				24150
P.Piquet000997	Speed ECU	20	1.0	const				9660
P.Piquet000997	WS_FL	50	10.0	0.1	-3.2127e-08	1.00000	1.23e-05	24150
P.Piquet000997	WS_FR	50	10.0	0.1	-8.4651e-09	1.00000	1.23e-05	24150
